COMPANY_NAME,COMPANY_DESCRIPTION,CONTACT_PERSON_NAME,CONTACT_PERSON_NUMBER,REGION,PROVINCE,CITY_MUNICIPALITY,BRGY,STREET,BANK,ACCOUNT_NAME,ACCOUNT_NUMBER,BRANCH,IS_ACTIVE
EXAKT,IT SERVICES,VANGHIE SOLENO,9266245626,NATIONAL CAPITAL REGION (NCR),NCR SECOND DISTRICT,CITY OF PASIG,Kapitolyo,DELA ROSA,LAND BANK,VANGHIE SOLENO,125655235,PASIG,TRUE
EXAKT IT SERVICES,IT COMPANY,DIANA ROMERO,9756565656,REGION I (ILOCOS REGION),ILOCOS NORTE,ADAMS,Adams (Pob.),DUHAT,LAND BANK,DIANA ROMERO,12565,PASIG,TRUE
EXAKT IT SERVICES,IT COMPANY,DIANA ROMERO,9756565656,REGION I (ILOCOS REGION),ILOCOS NORTE,ADAMS,Adams (Pob.),DUHAT,LAND BANK,DIANA ROMERO,12565,PASIG,TRUE
GOODLINKS STAFFERS GEN.MDSE.,NOTEPAD,LUNETTE NOTARTE,9687788441,NATIONAL CAPITAL REGION (NCR),NCR SECOND DISTRICT,QUEZON CITY,Baesa,AGONCILLO STREET,LANDBANK,LUNETTE NOTARTE,123456,NORTH AVE,TRUE
B.M. DOMINGO MOTOR SALES INC.,B.M. DOMINGO MOTOR SALES INC.,B.M. DOMINGO,9111111111,REGION III (CENTRAL LUZON),BULACAN,PLARIDEL,Tabang,KM 40 CAGAYAN VALLEY ROAD,LANDBANK,B.M. DOMINGO,32132121,B.M. DOMINGO,TRUE
D MOTORS,DOMINGO MOTORS,DOMINGO MOTORS,8977987987,REGION III (CENTRAL LUZON),BULACAN,PLARIDEL,Tabang,KM 40 CAGAYAN VALLEY ROAD,SECURITY BANK,DMOTORS,123456879,BULACAN,TRUE
GOLDLEV TRADING INC,GOLDLEV TRADING,GOLDLEV TRADING,238990000,REGION II (CAGAYAN VALLEY),CAGAYAN,ALCALA,Afusing Daga,SAMPLE,LANDBANK,GOLDLEV TRADING,123456,GOLDLEV TRADING,TRUE
APEX OFFICE SUPPLIES AND EQUIPMENT ,APEX OFFICE SUPPLIES AND EQUIPMENT ,JAY T. FULGENCIO,0,NATIONAL CAPITAL REGION (NCR),NCR SECOND DISTRICT,QUEZON CITY,Project 6,TANDANG SORA,XXXXXXXXXXX,XXXXXXXXXX,0,XXXXXXXXXXXX,TRUE
ABC Company,Test Company - Gerald,Gerald,123,REGION I (ILOCOS REGION),ILOCOS NORTE,BADOC,Pagdilao (Pob.),test street,Test bank,Gerald,123,Badoc,TRUE
ABC Company 1,Test Company - Gerald 1,Gerald 1,123,REGION I (ILOCOS REGION),ILOCOS NORTE,BADOC,Pagdilao (Pob.),test street 1,Test bank 1,Gerald 1,123,Badoc,TRUE
ABC Company 2,Test Company - Gerald 2,Gerald 2,124,REGION I (ILOCOS REGION),ILOCOS NORTE,BADOC,Pagdilao (Pob.),test street 2,Test bank 2,Gerald 2,124,Badoc,TRUE
ABC Company 3,Test Company - Gerald 3,Gerald 3,125,REGION I (ILOCOS REGION),ILOCOS NORTE,BADOC,Pagdilao (Pob.),test street 3,Test bank 3,Gerald 3,125,Badoc,TRUE
ABC Company 4,Test Company - Gerald 4,Gerald 4,126,REGION I (ILOCOS REGION),ILOCOS NORTE,BADOC,Pagdilao (Pob.),test street 4,Test bank 4,Gerald 4,126,Badoc,TRUE
ABC Company 5,Test Company - Gerald 5,Gerald 5,127,REGION I (ILOCOS REGION),ILOCOS NORTE,BADOC,Pagdilao (Pob.),test street 5,Test bank 5,Gerald 5,127,Badoc,TRUE
ABC Company 6,Test Company - Gerald 6,Gerald 6,128,REGION I (ILOCOS REGION),ILOCOS NORTE,BADOC,Pagdilao (Pob.),test street 6,Test bank 6,Gerald 6,128,Badoc,TRUE
ABC Company 7,Test Company - Gerald 7,Gerald 7,129,REGION I (ILOCOS REGION),ILOCOS NORTE,BADOC,Pagdilao (Pob.),test street 7,Test bank 7,Gerald 7,129,Badoc,TRUE
ABC Company 1,Test Company - Pats 1,Pats 1,123,REGION I (ILOCOS REGION),ILOCOS NORTE,BADOC,Pagdilao (Pob.),test street 1,Test bank 1,Pats 1,123,Badoc,TRUE
ABC Company 2,Test Company - Pats 2,Pats 2,124,REGION I (ILOCOS REGION),ILOCOS NORTE,BADOC,Pagdilao (Pob.),test street 2,Test bank 2,Pats 2,124,Badoc,TRUE
ABC Company 3,Test Company - Pats 3,Pats 3,125,REGION I (ILOCOS REGION),ILOCOS NORTE,BADOC,Pagdilao (Pob.),test street 3,Test bank 3,Pats 3,125,Badoc,TRUE
ABC Company 4,Test Company - Pats 4,Pats 4,126,REGION I (ILOCOS REGION),ILOCOS NORTE,BADOC,Pagdilao (Pob.),test street 4,Test bank 4,Pats 4,126,Badoc,TRUE
ABC Company 5,Test Company - Pats 5,Pats 5,127,REGION I (ILOCOS REGION),ILOCOS NORTE,BADOC,Pagdilao (Pob.),test street 5,Test bank 5,Pats 5,127,Badoc,TRUE
ABC Company 6,Test Company - Pats 6,Pats 6,128,REGION I (ILOCOS REGION),ILOCOS NORTE,BADOC,Pagdilao (Pob.),test street 6,Test bank 6,Pats 6,128,Badoc,TRUE
ABC Company 7,Test Company - Pats 7,Pats 7,129,REGION I (ILOCOS REGION),ILOCOS NORTE,BADOC,Pagdilao (Pob.),test street 7,Test bank 7,Pats 7,129,Badoc,TRUE