Main Code,Main Description,Sub Code,Sub Description,Office Code,Office Description,Unit Code,Unit Description,Active
090012,Main 11,SC1,Sub Code 1 Description,OC1,Office Code 1 Description,UC1,Unit Code 1 Description,TRUE
090022,Main 21,SC2,Sub Code 2 Description,OC2,Office Code 2 Description,UC2,Unit Code 2 Description,TRUE
090032,Main 31,SC3,Sub Code 3 Description,OC3,Office Code 3 Description,UC3,Unit Code 3 Description,TRUE
090042,Main 41,SC4,Sub Code 4 Description,OC4,Office Code 4 Description,UC4,Unit Code 4 Description,TRUE 


